Name,Address,City,Country
Origin,Luis Bonavita 1294,Montevideo,Uruguay
G Punta del Este,Avenida Roosevelt y 20100,Maldonado,Uruguay
G Tower Buenos Aires,Carlos M. Della Paolera 261,Buenos Aires,Argentina
G Santiago,Av Andres Bello 2457,Santiago,Chile
G Sao Paulo,Av. das Nações Unidas, 14401,São Paulo,Brazil
Punta Carretas Shopping,Jose Ellauri 350,Montevideo,Uruguay
Portones Shopping,Av. Italia 5775
Montevideo Shopping, Av. Luis Alberto de Herrera 1290,,
Nuevo Centro Shopping, Av. Luis Alberto de Herrera 3365,Montevideo,Uruguay
